id,Method,I,Mean,列1,Error,列2,StdDev,列3,StdErr,列4,Median,列5,Min,列6,Q1,列7,Q3,列8,Max,列9,Op/s,Ratio,RatioSD
1,VectorT_Cotr,0,1.3716,ns,0.0457,ns,0.0405,ns,0.0108,ns,1.3655,ns,1.2774,ns,1.3552,ns,1.4009,ns,1.4413,ns,"729,070,101.00",0.101,0
2,VectorT_Init,0,0.6886,ns,0.0352,ns,0.0312,ns,0.0083,ns,0.6925,ns,0.6342,ns,0.676,ns,0.709,ns,0.7395,ns,"1,452,227,775.00",0.051,0
3,Vector2_Init,0,0.9206,ns,0.0239,ns,0.0212,ns,0.0057,ns,0.9251,ns,0.8672,ns,0.9141,ns,0.9291,ns,0.9542,ns,"1,086,212,882.40",0.068,0
4,UnityEngine_Init,0,1.6883,ns,0.0549,ns,0.0487,ns,0.013,ns,1.6806,ns,1.6181,ns,1.6548,ns,1.7186,ns,1.7941,ns,"592,310,936.40",0.124,0
5,MyClass_Init,0,19.2131,ns,0.3988,ns,0.3917,ns,0.0979,ns,19.1566,ns,18.7176,ns,18.8726,ns,19.4508,ns,19.9922,ns,"52,047,902.40",1.412,0.03
6,MyStruct_Init,0,14.723,ns,0.324,ns,0.2872,ns,0.0768,ns,14.7499,ns,14.1582,ns,14.5232,ns,14.9606,ns,15.111,ns,"67,921,082.70",1.083,0.02
7,ValueTuple_Extend_Init,0,1.4847,ns,0.0334,ns,0.0296,ns,0.0079,ns,1.4859,ns,1.4253,ns,1.4718,ns,1.4966,ns,1.5425,ns,"673,538,407.40",0.109,0
8,ValueTuple_Wrap_Init,0,22.3195,ns,0.2897,ns,0.271,ns,0.07,ns,22.2946,ns,21.957,ns,22.1323,ns,22.465,ns,22.8094,ns,"44,803,803.60",1.642,0.03
9,Tuple_Extend_Init,0,75.598,ns,1.403,ns,1.2437,ns,0.3324,ns,75.0641,ns,74.3768,ns,74.7384,ns,76.0818,ns,78.546,ns,"13,227,867.10",5.561,0.15
10,Tuple_Class_Init,0,18.4506,ns,0.2824,ns,0.2641,ns,0.0682,ns,18.4664,ns,18.0187,ns,18.307,ns,18.5996,ns,18.9355,ns,"54,198,719.00",1.357,0.02
11,Tuple_Wrap_Init,0,19.0166,ns,0.2409,ns,0.2136,ns,0.0571,ns,19.0231,ns,18.5194,ns,18.9236,ns,19.1124,ns,19.3584,ns,"52,585,598.40",1.399,0.02
12,Array_Extend_Init,0,24.1578,ns,0.1873,ns,0.1661,ns,0.0444,ns,24.1765,ns,23.8225,ns,24.1381,ns,24.25,ns,24.3983,ns,"41,394,469.40",1.777,0.03
13,Array_Wrap_Init,0,23.9527,ns,0.2723,ns,0.2547,ns,0.0658,ns,23.9627,ns,23.3152,ns,23.847,ns,24.1329,ns,24.3308,ns,"41,748,909.70",1.762,0.03
14,List_Class_Init,0,69.6844,ns,1.1759,ns,1.1,ns,0.284,ns,69.7153,ns,68.0482,ns,69.1042,ns,70.4757,ns,71.4342,ns,"14,350,403.90",5.127,0.12
15,List_Extend_Init,0,100.3311,ns,0.7611,ns,0.7119,ns,0.1838,ns,100.2783,ns,98.7589,ns,99.8715,ns,100.6744,ns,101.8372,ns,"9,966,996.60",7.381,0.12
16,List_ExtendParallel_Init,0,"22,085.55",ns,432.6888,ns,498.2851,ns,111.4199,ns,"22,261.80",ns,"21,207.76",ns,"21,677.83",ns,"22,491.87",ns,"22,785.93",ns,"45,278.50","1,612.86",42.34
17,Vector2,0,0.9694,ns,0.0325,ns,0.0304,ns,0.0079,ns,0.9793,ns,0.9178,ns,0.9413,ns,0.9893,ns,1.0139,ns,"1,031,566,410.10",0.071,0
18,UnityEngine,0,0.2882,ns,0.0127,ns,0.0119,ns,0.0031,ns,0.2918,ns,0.2714,ns,0.2772,ns,0.295,ns,0.3094,ns,"3,469,977,319.70",0.021,0
19,MyClass,0,27.6591,ns,0.2426,ns,0.2269,ns,0.0586,ns,27.6679,ns,27.2373,ns,27.5175,ns,27.8137,ns,27.997,ns,"36,154,525.40",2.035,0.02
20,MyStruct,0,13.5951,ns,0.1899,ns,0.1776,ns,0.0459,ns,13.5681,ns,13.3186,ns,13.4748,ns,13.7636,ns,13.8363,ns,"73,555,813.30",1,0
21,ValueTuple_Extend,0,0.4326,ns,0.0324,ns,0.0303,ns,0.0078,ns,0.4332,ns,0.3945,ns,0.4078,ns,0.4568,ns,0.495,ns,"2,311,401,459.40",0.032,0
22,ValueTuple_Wrap,0,39.487,ns,0.4952,ns,0.439,ns,0.1173,ns,39.5809,ns,38.6161,ns,39.3435,ns,39.7775,ns,40.1977,ns,"25,324,807.10",2.905,0.05
23,Tuple_Extend,0,87.1666,ns,0.8075,ns,0.7158,ns,0.1913,ns,87.2663,ns,85.2657,ns,86.9729,ns,87.6067,ns,88.1522,ns,"11,472,286.60",6.412,0.09
24,Tuple_Class,0,27.6167,ns,0.2547,ns,0.2382,ns,0.0615,ns,27.6285,ns,27.1316,ns,27.4949,ns,27.8138,ns,27.96,ns,"36,209,929.90",2.032,0.03
25,Tuple_Wrap,0,25.8126,ns,0.4654,ns,0.4353,ns,0.1124,ns,25.6092,ns,25.2501,ns,25.4554,ns,26.1845,ns,26.5287,ns,"38,740,821.80",1.899,0.02
26,Array_Extend,0,34.5384,ns,0.6751,ns,0.5985,ns,0.1599,ns,34.3889,ns,33.6377,ns,34.1567,ns,34.6568,ns,35.736,ns,"28,953,318.00",2.541,0.07
27,Array_Wrap,0,30.9928,ns,0.5203,ns,0.4867,ns,0.1257,ns,30.8751,ns,30.3181,ns,30.6156,ns,31.3811,ns,31.9241,ns,"32,265,582.40",2.28,0.04
28,List_Class,0,113.786,ns,0.4711,ns,0.3678,ns,0.1062,ns,113.9037,ns,113.1811,ns,113.4546,ns,114.0459,ns,114.3162,ns,"8,788,428.60",8.368,0.13
29,List_Extend,0,156.0815,ns,2.0876,ns,1.9528,ns,0.5042,ns,156.8194,ns,152.0841,ns,154.4595,ns,157.5916,ns,158.2681,ns,"6,406,908.30",11.483,0.23
30,List_ExtendEnumerate,0,312.6052,ns,5.6995,ns,6.5636,ns,1.4677,ns,312.6625,ns,301.7737,ns,308.1769,ns,314.9415,ns,327.8009,ns,"3,198,923.60",22.984,0.54
31,List_ExtendParallel,0,"22,235.16",ns,350.6501,ns,310.8421,ns,83.0761,ns,"22,236.84",ns,"21,761.56",ns,"22,035.86",ns,"22,417.14",ns,"22,966.52",ns,"44,973.80","1,635.51",27.88
32,VectorT_Solid,0,39.0801,ns,0.4622,ns,0.4323,ns,0.1116,ns,39.2102,ns,38.0728,ns,38.8114,ns,39.362,ns,39.5714,ns,"25,588,449.10",2.875,0.05
33,VectorT_Static,0,38.4888,ns,0.5414,ns,0.5064,ns,0.1307,ns,38.5869,ns,37.6723,ns,38.0908,ns,38.7587,ns,39.4035,ns,"25,981,574.60",2.832,0.05
34,Vain,0,0.008,ns,0.0097,ns,0.0091,ns,0.0023,ns,0.0044,ns,0,ns,0.0001,ns,0.0137,ns,0.0294,ns,"125,634,386,700.60",0.001,0
35,Void,0,0.0005,ns,0.0015,ns,0.0014,ns,0.0004,ns,0,ns,0,ns,0,ns,0,ns,0.0047,ns,"1,877,264,790,449.10",0,0
36,Vector2_NoCompare,0,0.6589,ns,0.0337,ns,0.0316,ns,0.0081,ns,0.6618,ns,0.613,ns,0.6319,ns,0.6796,ns,0.7201,ns,"1,517,672,190.80",0.048,0
37,Vector2_NoAdd,0,0.7604,ns,0.0397,ns,0.0372,ns,0.0096,ns,0.7662,ns,0.705,ns,0.7314,ns,0.7847,ns,0.8284,ns,"1,315,063,175.90",0.056,0
38,ValueTuple_LocalMethod,0,0.4612,ns,0.0323,ns,0.0302,ns,0.0078,ns,0.4736,ns,0.4138,ns,0.4398,ns,0.4803,ns,0.5206,ns,"2,168,354,318.50",0.034,0
39,ValueTuple_Literal,0,0.4267,ns,0.03,ns,0.0281,ns,0.0072,ns,0.4395,ns,0.3877,ns,0.3998,ns,0.4511,ns,0.4643,ns,"2,343,764,349.70",0.031,0
40,ValueTuple_Raw,0,3.8183,ns,0.0583,ns,0.0545,ns,0.0141,ns,3.8318,ns,3.7332,ns,3.7768,ns,3.8498,ns,3.9183,ns,"261,897,683.20",0.281,0.01
41,ValueTuple_NoCompare,0,5.2879,ns,0.045,ns,0.0376,ns,0.0104,ns,5.2911,ns,5.2069,ns,5.264,ns,5.315,ns,5.3411,ns,"189,111,579.80",0.389,0.01
42,ValueTuple_NoAdd,0,5.7879,ns,0.0309,ns,0.0274,ns,0.0073,ns,5.79,ns,5.7481,ns,5.7714,ns,5.8001,ns,5.8417,ns,"172,774,967.20",0.426,0.01
43,ValueTuple_Cast,0,0.4716,ns,0.0288,ns,0.0269,ns,0.007,ns,0.4772,ns,0.4301,ns,0.4491,ns,0.4905,ns,0.5165,ns,"2,120,457,372.70",0.035,0
44,ValueTuple_ExtendDirect,0,0.4705,ns,0.0259,ns,0.0242,ns,0.0062,ns,0.4663,ns,0.4346,ns,0.4504,ns,0.4925,ns,0.5019,ns,"2,125,305,770.60",0.035,0
45,ValueTuple_Property,0,39.7401,ns,0.5065,ns,0.449,ns,0.12,ns,39.92,ns,39.0632,ns,39.3215,ns,40.093,ns,40.3519,ns,"25,163,522.20",2.923,0.06
46,MyStruct_DirectCall,0,13.5335,ns,0.2352,ns,0.22,ns,0.0568,ns,13.5017,ns,13.2566,ns,13.3282,ns,13.7515,ns,13.8064,ns,"73,890,563.60",0.996,0.03
47,VectorT_Cotr,1,1.3684,ns,0.0308,ns,0.0288,ns,0.0074,ns,1.3785,ns,1.3181,ns,1.3512,ns,1.3881,ns,1.4068,ns,"730,786,796.10",0.103,0
48,VectorT_Init,1,0.7149,ns,0.0271,ns,0.0254,ns,0.0066,ns,0.7219,ns,0.6812,ns,0.6897,ns,0.734,ns,0.7504,ns,"1,398,835,138.90",0.054,0
49,Vector2_Init,1,0.9108,ns,0.0278,ns,0.026,ns,0.0067,ns,0.9254,ns,0.8669,ns,0.8831,ns,0.9309,ns,0.9353,ns,"1,097,900,435.10",0.068,0
50,UnityEngine_Init,1,1.6539,ns,0.022,ns,0.0195,ns,0.0052,ns,1.6544,ns,1.6143,ns,1.645,ns,1.6688,ns,1.6866,ns,"604,643,706.10",0.125,0
51,MyClass_Init,1,18.828,ns,0.3292,ns,0.2918,ns,0.078,ns,18.8313,ns,18.1719,ns,18.7102,ns,19.003,ns,19.2611,ns,"53,112,492.30",1.419,0.02
52,MyStruct_Init,1,14.4373,ns,0.237,ns,0.2217,ns,0.0572,ns,14.4509,ns,14.0804,ns,14.2399,ns,14.6085,ns,14.8107,ns,"69,265,229.10",1.088,0.02
53,ValueTuple_Extend_Init,1,1.4903,ns,0.024,ns,0.0225,ns,0.0058,ns,1.4984,ns,1.4449,ns,1.4834,ns,1.5055,ns,1.5194,ns,"671,011,026.40",0.112,0
54,ValueTuple_Wrap_Init,1,22.3305,ns,0.2498,ns,0.2215,ns,0.0592,ns,22.2803,ns,21.955,ns,22.2139,ns,22.4677,ns,22.856,ns,"44,781,833.60",1.682,0.02
55,Tuple_Extend_Init,1,76.0507,ns,1.0144,ns,0.9489,ns,0.245,ns,76.2441,ns,74.2732,ns,75.5255,ns,76.6506,ns,77.5466,ns,"13,149,130.20",5.73,0.08
56,Tuple_Class_Init,1,18.6397,ns,0.275,ns,0.2572,ns,0.0664,ns,18.766,ns,18.2223,ns,18.4273,ns,18.8346,ns,18.897,ns,"53,649,027.00",1.403,0.02
57,Tuple_Wrap_Init,1,17.3025,ns,0.3425,ns,0.3204,ns,0.0827,ns,17.2842,ns,16.8968,ns,17.0036,ns,17.4948,ns,17.89,ns,"57,795,060.50",1.301,0.02
58,Array_Extend_Init,1,24.1149,ns,0.2646,ns,0.2209,ns,0.0613,ns,24.0345,ns,23.7065,ns,24.0103,ns,24.2814,ns,24.4717,ns,"41,468,209.10",1.817,0.02
59,Array_Wrap_Init,1,19.8245,ns,0.2524,ns,0.2237,ns,0.0598,ns,19.816,ns,19.4319,ns,19.6798,ns,19.954,ns,20.2782,ns,"50,442,518.30",1.493,0.02
60,List_Class_Init,1,67.14,ns,0.4078,ns,0.3815,ns,0.0985,ns,67.0589,ns,66.5574,ns,66.8701,ns,67.4975,ns,67.6361,ns,"14,894,254.80",5.059,0.05
61,List_Extend_Init,1,97.3138,ns,0.5507,ns,0.4882,ns,0.1305,ns,97.406,ns,96.0698,ns,97.1378,ns,97.6094,ns,97.9841,ns,"10,276,034.20",7.33,0.06
62,List_ExtendParallel_Init,1,"21,804.94",ns,196.3844,ns,183.6981,ns,47.4306,ns,"21,738.59",ns,"21,556.81",ns,"21,682.05",ns,"21,948.17",ns,"22,185.35",ns,"45,861.20","1,644.75",16.31
63,Vector2,1,0.9409,ns,0.0122,ns,0.0108,ns,0.0029,ns,0.9405,ns,0.9221,ns,0.9326,ns,0.948,ns,0.9594,ns,"1,062,848,687.80",0.071,0
64,UnityEngine,1,0.2961,ns,0.0102,ns,0.0095,ns,0.0025,ns,0.2998,ns,0.2746,ns,0.29,ns,0.3029,ns,0.3085,ns,"3,377,572,067.10",0.022,0
65,MyClass,1,26.8899,ns,0.2052,ns,0.1819,ns,0.0486,ns,26.8716,ns,26.6146,ns,26.746,ns,26.9899,ns,27.2458,ns,"37,188,742.80",2.025,0.02
66,MyStruct,1,13.2733,ns,0.0929,ns,0.0776,ns,0.0215,ns,13.2478,ns,13.1944,ns,13.2206,ns,13.3173,ns,13.4677,ns,"75,339,371.60",1,0
67,ValueTuple_Extend,1,0.3819,ns,0.0134,ns,0.0126,ns,0.0032,ns,0.3779,ns,0.364,ns,0.3721,ns,0.3877,ns,0.4069,ns,"2,618,533,189.50",0.029,0
68,ValueTuple_Wrap,1,38.8235,ns,0.4331,ns,0.3617,ns,0.1003,ns,38.7536,ns,38.4186,ns,38.5724,ns,39.099,ns,39.5572,ns,"25,757,627.80",2.925,0.03
69,Tuple_Extend,1,84.5093,ns,0.5153,ns,0.482,ns,0.1244,ns,84.5355,ns,83.7566,ns,84.099,ns,84.9014,ns,85.209,ns,"11,833,021.30",6.37,0.05
70,Tuple_Class,1,27.087,ns,0.2629,ns,0.233,ns,0.0623,ns,27.055,ns,26.7644,ns,26.9442,ns,27.2486,ns,27.5239,ns,"36,918,025.70",2.042,0.03
71,Tuple_Wrap,1,26.7071,ns,0.5339,ns,0.4733,ns,0.1265,ns,26.6544,ns,26.0655,ns,26.3579,ns,26.8464,ns,27.835,ns,"37,443,264.90",2.014,0.03
72,Array_Extend,1,33.7697,ns,0.2862,ns,0.2677,ns,0.0691,ns,33.8155,ns,33.3327,ns,33.5171,ns,33.9376,ns,34.2939,ns,"29,612,379.40",2.543,0.02
73,Array_Wrap,1,31.2026,ns,0.6397,ns,0.5671,ns,0.1516,ns,31.046,ns,30.4567,ns,30.8877,ns,31.359,ns,32.7365,ns,"32,048,585.70",2.351,0.05
74,List_Class,1,112.5698,ns,0.8077,ns,0.716,ns,0.1914,ns,112.5077,ns,111.3868,ns,112.1118,ns,113.1395,ns,113.6285,ns,"8,883,378.00",8.475,0.08
75,List_Extend,1,151.5773,ns,0.9093,ns,0.8505,ns,0.2196,ns,151.8736,ns,150.3756,ns,150.6948,ns,152.1733,ns,152.7782,ns,"6,597,294.50",11.419,0.11
76,List_ExtendEnumerate,1,307.9964,ns,2.9274,ns,2.7383,ns,0.707,ns,308.1795,ns,302.9977,ns,305.7006,ns,310.0558,ns,311.6282,ns,"3,246,791.50",23.172,0.26
77,List_ExtendParallel,1,"21,733.78",ns,252.3197,ns,236.02,ns,60.9401,ns,"21,725.56",ns,"21,377.92",ns,"21,597.60",ns,"21,880.57",ns,"22,217.04",ns,"46,011.30","1,638.72",18.36
78,VectorT_Solid,1,38.2346,ns,0.2569,ns,0.2403,ns,0.0621,ns,38.2009,ns,37.8685,ns,38.0931,ns,38.394,ns,38.7187,ns,"26,154,352.90",2.88,0.03
79,VectorT_Static,1,37.8428,ns,0.4973,ns,0.4153,ns,0.1152,ns,37.8725,ns,37.3352,ns,37.5494,ns,38.0986,ns,38.7632,ns,"26,425,091.00",2.851,0.04
80,Vain,1,0.0056,ns,0.0065,ns,0.0058,ns,0.0015,ns,0.0048,ns,0,ns,0,ns,0.0085,ns,0.0175,ns,"178,507,302,271.90",0,0
81,Void,1,0.0028,ns,0.0048,ns,0.0045,ns,0.0012,ns,0,ns,0,ns,0,ns,0.005,ns,0.0126,ns,"362,634,638,471.50",0,0
82,Vector2_NoCompare,1,0.628,ns,0.0157,ns,0.0147,ns,0.0038,ns,0.6239,ns,0.6134,ns,0.6154,ns,0.633,ns,0.656,ns,"1,592,378,410.80",0.047,0
83,Vector2_NoAdd,1,0.7398,ns,0.0092,ns,0.0077,ns,0.0021,ns,0.7385,ns,0.7303,ns,0.7355,ns,0.744,ns,0.7577,ns,"1,351,782,526.70",0.056,0
84,ValueTuple_LocalMethod,1,0.406,ns,0.0176,ns,0.0165,ns,0.0043,ns,0.4044,ns,0.381,ns,0.3978,ns,0.416,ns,0.4397,ns,"2,463,139,056.10",0.031,0
85,ValueTuple_Literal,1,0.4205,ns,0.0132,ns,0.0123,ns,0.0032,ns,0.4224,ns,0.4042,ns,0.4087,ns,0.4302,ns,0.4402,ns,"2,378,149,710.80",0.032,0
86,ValueTuple_Raw,1,3.6919,ns,0.0478,ns,0.0448,ns,0.0116,ns,3.6784,ns,3.6278,ns,3.6576,ns,3.7184,ns,3.7857,ns,"270,861,785.30",0.278,0
87,ValueTuple_NoCompare,1,4.682,ns,0.0372,ns,0.033,ns,0.0088,ns,4.6844,ns,4.6257,ns,4.657,ns,4.6992,ns,4.7513,ns,"213,582,409.90",0.353,0
88,ValueTuple_NoAdd,1,5.6537,ns,0.0394,ns,0.0368,ns,0.0095,ns,5.6483,ns,5.5856,ns,5.6293,ns,5.6806,ns,5.7172,ns,"176,876,267.40",0.426,0
89,ValueTuple_Cast,1,0.4515,ns,0.0118,ns,0.0105,ns,0.0028,ns,0.4543,ns,0.4302,ns,0.4514,ns,0.4587,ns,0.4629,ns,"2,214,856,285.60",0.034,0
90,ValueTuple_ExtendDirect,1,0.406,ns,0.0156,ns,0.0138,ns,0.0037,ns,0.409,ns,0.3754,ns,0.4049,ns,0.4157,ns,0.4229,ns,"2,463,012,106.60",0.031,0
91,ValueTuple_Property,1,39.0017,ns,0.3177,ns,0.2816,ns,0.0753,ns,39.0146,ns,38.5353,ns,38.8496,ns,39.1442,ns,39.6316,ns,"25,639,933.00",2.941,0.03
92,MyStruct_DirectCall,1,13.2132,ns,0.0628,ns,0.0557,ns,0.0149,ns,13.2157,ns,13.1332,ns,13.1644,ns,13.2603,ns,13.2951,ns,"75,682,099.80",0.995,0.01
93,VectorT_Cotr,2,1.2441,ns,0.0147,ns,0.0137,ns,0.0035,ns,1.2487,ns,1.2242,ns,1.231,ns,1.2563,ns,1.2646,ns,"803,820,008.30",0.094,0
94,VectorT_Init,2,0.6499,ns,0.0136,ns,0.0128,ns,0.0033,ns,0.6497,ns,0.6254,ns,0.6446,ns,0.6577,ns,0.6701,ns,"1,538,712,280.90",0.049,0
95,Vector2_Init,2,0.9272,ns,0.0132,ns,0.0123,ns,0.0032,ns,0.9288,ns,0.9038,ns,0.9211,ns,0.9355,ns,0.9473,ns,"1,078,510,046.30",0.07,0
96,UnityEngine_Init,2,1.621,ns,0.0167,ns,0.0148,ns,0.0039,ns,1.6171,ns,1.6054,ns,1.6082,ns,1.6316,ns,1.657,ns,"616,916,041.60",0.122,0
97,MyClass_Init,2,18.3447,ns,0.1552,ns,0.1376,ns,0.0368,ns,18.3766,ns,18.0232,ns,18.2716,ns,18.4067,ns,18.5927,ns,"54,511,677.20",1.383,0.02
98,MyStruct_Init,2,14.085,ns,0.0863,ns,0.0721,ns,0.02,ns,14.0807,ns,13.9144,ns,14.0649,ns,14.1166,ns,14.223,ns,"70,997,637.20",1.061,0.01
99,ValueTuple_Extend_Init,2,1.4415,ns,0.0091,ns,0.0076,ns,0.0021,ns,1.4418,ns,1.4277,ns,1.4352,ns,1.4459,ns,1.4548,ns,"693,726,524.00",0.109,0
100,ValueTuple_Wrap_Init,2,21.8285,ns,0.1023,ns,0.0957,ns,0.0247,ns,21.8255,ns,21.6496,ns,21.7725,ns,21.9052,ns,22.0204,ns,"45,811,689.80",1.645,0.01
101,Tuple_Extend_Init,2,73.8784,ns,0.4878,ns,0.4324,ns,0.1156,ns,73.8074,ns,73.3404,ns,73.5712,ns,74.0372,ns,74.7782,ns,"13,535,751.90",5.57,0.05
102,Tuple_Class_Init,2,18.6449,ns,0.1158,ns,0.1027,ns,0.0274,ns,18.6438,ns,18.406,ns,18.5986,ns,18.6933,ns,18.796,ns,"53,634,056.60",1.406,0.01
103,Tuple_Wrap_Init,2,17.6367,ns,0.1329,ns,0.1178,ns,0.0315,ns,17.6754,ns,17.429,ns,17.5224,ns,17.7329,ns,17.8112,ns,"56,700,033.80",1.33,0.02
104,Array_Extend_Init,2,23.6165,ns,0.2719,ns,0.227,ns,0.063,ns,23.5863,ns,23.2558,ns,23.4619,ns,23.8118,ns,23.9242,ns,"42,343,192.50",1.78,0.03
105,Array_Wrap_Init,2,19.8269,ns,0.1455,ns,0.1361,ns,0.0351,ns,19.8415,ns,19.6316,ns,19.7302,ns,19.8764,ns,20.0771,ns,"50,436,499.90",1.494,0.02
106,List_Class_Init,2,69.9826,ns,0.4089,ns,0.3625,ns,0.0969,ns,70.0158,ns,69.1901,ns,69.8722,ns,70.2443,ns,70.4857,ns,"14,289,275.50",5.277,0.06
107,List_Extend_Init,2,92.3926,ns,0.5589,ns,0.5228,ns,0.135,ns,92.278,ns,91.5652,ns,92.0702,ns,92.7959,ns,93.483,ns,"10,823,377.90",6.963,0.08
108,List_ExtendParallel_Init,2,"21,514.70",ns,302.7109,ns,283.156,ns,73.1106,ns,"21,567.81",ns,"20,947.48",ns,"21,386.46",ns,"21,654.30",ns,"22,022.57",ns,"46,479.90","1,621.29",24.4
109,Vector2,2,0.9398,ns,0.0135,ns,0.0126,ns,0.0033,ns,0.9364,ns,0.92,ns,0.9305,ns,0.9461,ns,0.9613,ns,"1,064,002,147.00",0.071,0
110,UnityEngine,2,0.2766,ns,0.0084,ns,0.0079,ns,0.002,ns,0.2763,ns,0.2632,ns,0.2705,ns,0.283,ns,0.2909,ns,"3,615,055,714.90",0.021,0
111,MyClass,2,26.9857,ns,0.231,ns,0.1929,ns,0.0535,ns,27.0091,ns,26.6641,ns,26.9191,ns,27.04,ns,27.3998,ns,"37,056,691.20",2.034,0.03
112,MyStruct,2,13.2709,ns,0.1268,ns,0.1186,ns,0.0306,ns,13.2331,ns,13.0882,ns,13.1923,ns,13.3409,ns,13.5555,ns,"75,352,623.90",1,0
113,ValueTuple_Extend,2,0.4424,ns,0.0091,ns,0.008,ns,0.0021,ns,0.4426,ns,0.4286,ns,0.4396,ns,0.448,ns,0.4539,ns,"2,260,596,943.50",0.033,0
114,ValueTuple_Wrap,2,38.5808,ns,0.2232,ns,0.1979,ns,0.0529,ns,38.5997,ns,38.1386,ns,38.5073,ns,38.6766,ns,38.9308,ns,"25,919,629.00",2.909,0.03
115,Tuple_Extend,2,76.1537,ns,0.4919,ns,0.4601,ns,0.1188,ns,76.1292,ns,75.1538,ns,76.0203,ns,76.3924,ns,76.9188,ns,"13,131,343.20",5.739,0.06
116,Tuple_Class,2,26.9048,ns,0.1939,ns,0.1814,ns,0.0468,ns,26.8429,ns,26.634,ns,26.803,ns,27.0059,ns,27.2971,ns,"37,168,035.80",2.027,0.02
117,Tuple_Wrap,2,27.1326,ns,0.2184,ns,0.2043,ns,0.0528,ns,27.16,ns,26.6672,ns,27.0353,ns,27.286,ns,27.3891,ns,"36,855,980.40",2.045,0.03
118,Array_Extend,2,33.1108,ns,0.3313,ns,0.3099,ns,0.08,ns,33.1505,ns,32.6317,ns,32.8481,ns,33.2708,ns,33.5958,ns,"30,201,630.40",2.495,0.03
119,Array_Wrap,2,35.5293,ns,0.2616,ns,0.2447,ns,0.0632,ns,35.4948,ns,35.1799,ns,35.3601,ns,35.7469,ns,35.9579,ns,"28,145,782.20",2.677,0.03
120,List_Class,2,112.6072,ns,0.5229,ns,0.4635,ns,0.1239,ns,112.5817,ns,111.8517,ns,112.3127,ns,112.8711,ns,113.5237,ns,"8,880,430.10",8.49,0.08
121,List_Extend,2,138.2706,ns,1.0387,ns,0.9716,ns,0.2509,ns,138.3612,ns,135.9321,ns,137.7465,ns,138.5908,ns,139.8369,ns,"7,232,194.90",10.42,0.11
122,List_ExtendEnumerate,2,304.9308,ns,2.964,ns,2.6275,ns,0.7022,ns,305.1185,ns,301.3089,ns,302.7895,ns,305.8819,ns,310.8227,ns,"3,279,432.70",22.992,0.29
123,List_ExtendParallel,2,"22,175.35",ns,413.68,ns,386.9565,ns,99.9117,ns,"22,254.95",ns,"21,510.27",ns,"22,047.19",ns,"22,493.99",ns,"22,624.91",ns,"45,095.10","1,671.06",30.66
124,VectorT_Solid,2,37.7759,ns,0.3257,ns,0.3047,ns,0.0787,ns,37.788,ns,36.9759,ns,37.6763,ns,37.986,ns,38.1582,ns,"26,471,937.30",2.847,0.03
125,VectorT_Static,2,37.9689,ns,0.3315,ns,0.3101,ns,0.0801,ns,37.9618,ns,37.464,ns,37.7402,ns,38.2068,ns,38.3693,ns,"26,337,314.90",2.861,0.04
126,Vain,2,0.0455,ns,0.0072,ns,0.0068,ns,0.0017,ns,0.0445,ns,0.0364,ns,0.0395,ns,0.0502,ns,0.0563,ns,"21,968,482,937.30",0.003,0
127,Void,2,0.0015,ns,0.0035,ns,0.0031,ns,0.0008,ns,0,ns,0,ns,0,ns,0.0012,ns,0.0109,ns,"652,334,036,452.00",0,0
128,Vector2_NoCompare,2,0.617,ns,0.0133,ns,0.0118,ns,0.0032,ns,0.6153,ns,0.5958,ns,0.6114,ns,0.6235,ns,0.6407,ns,"1,620,692,400.90",0.047,0
129,Vector2_NoAdd,2,0.7487,ns,0.0142,ns,0.0126,ns,0.0034,ns,0.7487,ns,0.7253,ns,0.7385,ns,0.7578,ns,0.7683,ns,"1,335,679,960.20",0.056,0
130,ValueTuple_LocalMethod,2,0.4138,ns,0.0165,ns,0.0154,ns,0.004,ns,0.4106,ns,0.3907,ns,0.404,ns,0.4258,ns,0.44,ns,"2,416,487,558.50",0.031,0
131,ValueTuple_Literal,2,0.389,ns,0.011,ns,0.0092,ns,0.0026,ns,0.3913,ns,0.3695,ns,0.3856,ns,0.394,ns,0.4048,ns,"2,570,563,618.10",0.029,0
132,ValueTuple_Raw,2,3.7237,ns,0.0427,ns,0.0379,ns,0.0101,ns,3.7203,ns,3.6752,ns,3.695,ns,3.7444,ns,3.8029,ns,"268,547,954.60",0.281,0
133,ValueTuple_NoCompare,2,4.6461,ns,0.0364,ns,0.0323,ns,0.0086,ns,4.6489,ns,4.5984,ns,4.6214,ns,4.6593,ns,4.7155,ns,"215,235,236.70",0.35,0
134,ValueTuple_NoAdd,2,5.6249,ns,0.0211,ns,0.0198,ns,0.0051,ns,5.6333,ns,5.584,ns,5.6134,ns,5.6379,ns,5.6531,ns,"177,782,156.20",0.424,0
135,ValueTuple_Cast,2,0.4059,ns,0.0241,ns,0.0189,ns,0.0054,ns,0.3983,ns,0.3863,ns,0.3942,ns,0.4118,ns,0.4535,ns,"2,463,857,014.80",0.031,0
136,ValueTuple_ExtendDirect,2,0.453,ns,0.0116,ns,0.0108,ns,0.0028,ns,0.4577,ns,0.4347,ns,0.4431,ns,0.4601,ns,0.4695,ns,"2,207,650,906.90",0.034,0
137,ValueTuple_Property,2,39.0565,ns,0.2562,ns,0.2139,ns,0.0593,ns,39.0466,ns,38.6323,ns,38.9601,ns,39.1398,ns,39.4316,ns,"25,603,946.20",2.943,0.03
138,MyStruct_DirectCall,2,13.2022,ns,0.1008,ns,0.0943,ns,0.0243,ns,13.199,ns,13.0166,ns,13.17,ns,13.2715,ns,13.3771,ns,"75,744,895.00",0.995,0.01
139,VectorT_Cotr,12,1.1728,ns,0.0171,ns,0.016,ns,0.0041,ns,1.1743,ns,1.1512,ns,1.1597,ns,1.1833,ns,1.2008,ns,"852,676,107.00",0.089,0
140,VectorT_Init,12,0.7083,ns,0.0169,ns,0.015,ns,0.004,ns,0.7068,ns,0.6883,ns,0.6957,ns,0.7151,ns,0.7406,ns,"1,411,777,613.80",0.054,0
141,Vector2_Init,12,0.8944,ns,0.0106,ns,0.0099,ns,0.0026,ns,0.897,ns,0.8776,ns,0.8863,ns,0.9017,ns,0.9079,ns,"1,118,099,297.90",0.068,0
142,UnityEngine_Init,12,1.6181,ns,0.0146,ns,0.0137,ns,0.0035,ns,1.6181,ns,1.5964,ns,1.6088,ns,1.6262,ns,1.6463,ns,"618,006,752.50",0.123,0
143,MyClass_Init,12,18.0981,ns,0.1174,ns,0.1099,ns,0.0284,ns,18.0555,ns,17.8972,ns,18.0213,ns,18.1768,ns,18.2965,ns,"55,254,462.00",1.372,0.01
144,MyStruct_Init,12,14.0914,ns,0.0882,ns,0.0782,ns,0.0209,ns,14.0937,ns,13.9767,ns,14.0281,ns,14.1429,ns,14.2263,ns,"70,965,110.10",1.068,0.01
145,ValueTuple_Extend_Init,12,1.4469,ns,0.0206,ns,0.0183,ns,0.0049,ns,1.4467,ns,1.4123,ns,1.4394,ns,1.4557,ns,1.4814,ns,"691,138,493.70",0.11,0
146,ValueTuple_Wrap_Init,12,21.6826,ns,0.0908,ns,0.0758,ns,0.021,ns,21.6756,ns,21.5606,ns,21.6462,ns,21.7333,ns,21.8635,ns,"46,119,987.10",1.644,0.01
147,Tuple_Extend_Init,12,80.212,ns,0.4943,ns,0.4623,ns,0.1194,ns,80.368,ns,79.2395,ns,79.9653,ns,80.4744,ns,80.8031,ns,"12,466,962.50",6.08,0.05
148,Tuple_Class_Init,12,18.0773,ns,0.2078,ns,0.1735,ns,0.0481,ns,18.1012,ns,17.851,ns,17.9563,ns,18.1419,ns,18.5052,ns,"55,317,891.20",1.37,0.02
149,Tuple_Wrap_Init,12,16.7678,ns,0.1718,ns,0.1607,ns,0.0415,ns,16.7489,ns,16.406,ns,16.6787,ns,16.852,ns,17.0149,ns,"59,638,292.40",1.271,0.01
150,Array_Extend_Init,12,23.486,ns,0.1957,ns,0.1734,ns,0.0464,ns,23.4689,ns,23.2276,ns,23.3757,ns,23.5521,ns,23.865,ns,"42,578,512.50",1.78,0.01
151,Array_Wrap_Init,12,23.3699,ns,0.1382,ns,0.1225,ns,0.0327,ns,23.3916,ns,23.1073,ns,23.2938,ns,23.452,ns,23.6083,ns,"42,790,129.10",1.772,0.01
152,List_Class_Init,12,66.9605,ns,0.8718,ns,0.8155,ns,0.2106,ns,66.9898,ns,65.7895,ns,66.3935,ns,67.2746,ns,68.4719,ns,"14,934,183.80",5.076,0.06
153,List_Extend_Init,12,97.1569,ns,1.1439,ns,0.8931,ns,0.2578,ns,97.4163,ns,95.231,ns,96.5444,ns,97.8326,ns,98.2227,ns,"10,292,625.60",7.371,0.08
154,List_ExtendParallel_Init,12,"21,316.98",ns,337.9626,ns,316.1305,ns,81.6245,ns,"21,326.50",ns,"20,825.96",ns,"21,084.59",ns,"21,498.87",ns,"21,898.42",ns,"46,911.00","1,615.83",25.49
155,Vector2,12,0.939,ns,0.0219,ns,0.0183,ns,0.0051,ns,0.9359,ns,0.9175,ns,0.9251,ns,0.9484,ns,0.9771,ns,"1,064,963,120.00",0.071,0
156,UnityEngine,12,0.2706,ns,0.0056,ns,0.005,ns,0.0013,ns,0.2716,ns,0.2613,ns,0.2672,ns,0.2728,ns,0.2817,ns,"3,695,681,134.00",0.021,0
157,MyClass,12,26.7885,ns,0.2589,ns,0.2422,ns,0.0625,ns,26.738,ns,26.4656,ns,26.6295,ns,26.9813,ns,27.2436,ns,"37,329,443.90",2.031,0.02
158,MyStruct,12,13.193,ns,0.0874,ns,0.0817,ns,0.0211,ns,13.1965,ns,12.9905,ns,13.1543,ns,13.24,ns,13.3304,ns,"75,797,889.40",1,0
159,ValueTuple_Extend,12,0.4527,ns,0.0217,ns,0.0203,ns,0.0052,ns,0.447,ns,0.427,ns,0.4376,ns,0.4621,ns,0.4919,ns,"2,209,150,402.50",0.034,0
160,ValueTuple_Wrap,12,38.3705,ns,0.2497,ns,0.2335,ns,0.0603,ns,38.3799,ns,38.016,ns,38.2213,ns,38.5015,ns,38.8426,ns,"26,061,664.30",2.908,0.02
161,Tuple_Extend,12,76.5088,ns,0.8171,ns,0.7643,ns,0.1973,ns,76.8157,ns,74.8237,ns,76.1013,ns,76.9246,ns,77.8023,ns,"13,070,398.30",5.799,0.07
162,Tuple_Class,12,31.6913,ns,0.2696,ns,0.2522,ns,0.0651,ns,31.7371,ns,31.2415,ns,31.5082,ns,31.8632,ns,32.0476,ns,"31,554,402.30",2.402,0.02
163,Tuple_Wrap,12,24.9905,ns,0.1667,ns,0.1478,ns,0.0395,ns,24.9752,ns,24.7011,ns,24.9105,ns,25.0808,ns,25.2486,ns,"40,015,194.10",1.895,0.02
164,Array_Extend,12,33.1446,ns,0.3993,ns,0.3735,ns,0.0964,ns,33.1316,ns,32.4588,ns,32.9193,ns,33.5062,ns,33.5897,ns,"30,170,811.30",2.512,0.03
165,Array_Wrap,12,29.3991,ns,0.3428,ns,0.3207,ns,0.0828,ns,29.3948,ns,28.8897,ns,29.1381,ns,29.5821,ns,30.1182,ns,"34,014,639.60",2.228,0.03
166,List_Class,12,111.3817,ns,0.4535,ns,0.4242,ns,0.1095,ns,111.4575,ns,110.7708,ns,111.0568,ns,111.6064,ns,112.2752,ns,"8,978,131.60",8.443,0.05
167,List_Extend,12,138.2162,ns,1.0626,ns,0.9419,ns,0.2517,ns,137.9612,ns,136.9504,ns,137.5113,ns,138.6329,ns,139.9817,ns,"7,235,042.30",10.478,0.1
168,List_ExtendEnumerate,12,302.6592,ns,1.8851,ns,1.7633,ns,0.4553,ns,302.1076,ns,300.3357,ns,301.4325,ns,303.7623,ns,306.8661,ns,"3,304,045.90",22.942,0.16
169,List_ExtendParallel,12,"22,339.03",ns,184.5852,ns,172.6611,ns,44.5809,ns,"22,353.29",ns,"22,084.83",ns,"22,211.66",ns,"22,442.68",ns,"22,643.40",ns,"44,764.70","1,693.29",13.55
170,VectorT_Solid,12,37.9201,ns,0.2557,ns,0.2392,ns,0.0618,ns,37.9498,ns,37.5535,ns,37.7464,ns,38.1096,ns,38.2777,ns,"26,371,235.80",2.874,0.02
171,VectorT_Static,12,37.456,ns,0.2682,ns,0.2508,ns,0.0648,ns,37.4128,ns,37.0277,ns,37.3129,ns,37.6147,ns,37.8885,ns,"26,698,001.60",2.839,0.02
172,Vain,12,0.0018,ns,0.0048,ns,0.0043,ns,0.0011,ns,0,ns,0,ns,0,ns,0.0008,ns,0.0156,ns,"549,465,444,948.90",0,0
173,Void,12,0.0027,ns,0.0044,ns,0.0041,ns,0.0011,ns,0,ns,0,ns,0,ns,0.0052,ns,0.0127,ns,"374,091,312,305.50",0,0
174,Vector2_NoCompare,12,0.6217,ns,0.0115,ns,0.0102,ns,0.0027,ns,0.62,ns,0.6091,ns,0.6134,ns,0.6284,ns,0.6412,ns,"1,608,365,573.60",0.047,0
175,Vector2_NoAdd,12,0.7497,ns,0.0137,ns,0.0128,ns,0.0033,ns,0.7505,ns,0.7328,ns,0.7377,ns,0.7576,ns,0.78,ns,"1,333,884,961.80",0.057,0
176,ValueTuple_LocalMethod,12,0.4076,ns,0.0134,ns,0.0119,ns,0.0032,ns,0.4048,ns,0.3916,ns,0.3992,ns,0.4147,ns,0.4327,ns,"2,453,257,686.00",0.031,0
177,ValueTuple_Literal,12,0.4207,ns,0.0384,ns,0.0377,ns,0.0094,ns,0.4113,ns,0.3761,ns,0.397,ns,0.424,ns,0.5228,ns,"2,377,125,368.80",0.032,0
178,ValueTuple_Raw,12,3.7163,ns,0.0341,ns,0.0319,ns,0.0082,ns,3.7167,ns,3.6567,ns,3.699,ns,3.7375,ns,3.7614,ns,"269,083,761.30",0.282,0
179,ValueTuple_NoCompare,12,4.6668,ns,0.0341,ns,0.0319,ns,0.0082,ns,4.6694,ns,4.6205,ns,4.643,ns,4.6861,ns,4.7227,ns,"214,278,880.30",0.354,0
180,ValueTuple_NoAdd,12,5.601,ns,0.0339,ns,0.0317,ns,0.0082,ns,5.6025,ns,5.5495,ns,5.5776,ns,5.6209,ns,5.6677,ns,"178,540,507.90",0.425,0
181,ValueTuple_Cast,12,0.4005,ns,0.0153,ns,0.0135,ns,0.0036,ns,0.3978,ns,0.3828,ns,0.3888,ns,0.4111,ns,0.4214,ns,"2,496,901,631.80",0.03,0
182,ValueTuple_ExtendDirect,12,0.4079,ns,0.0071,ns,0.0063,ns,0.0017,ns,0.4071,ns,0.3978,ns,0.4032,ns,0.412,ns,0.4185,ns,"2,451,871,277.80",0.031,0
183,ValueTuple_Property,12,38.9494,ns,0.1814,ns,0.1608,ns,0.043,ns,38.9465,ns,38.6967,ns,38.8499,ns,39.057,ns,39.1912,ns,"25,674,359.30",2.953,0.02
184,MyStruct_DirectCall,12,13.2164,ns,0.0755,ns,0.0669,ns,0.0179,ns,13.2155,ns,13.098,ns,13.1696,ns,13.2796,ns,13.3102,ns,"75,663,823.40",1.002,0.01
185,VectorT_Cotr,123,1.1605,ns,0.017,ns,0.0159,ns,0.0041,ns,1.1573,ns,1.1395,ns,1.1491,ns,1.1727,ns,1.1967,ns,"861,706,100.80",0.088,0
186,VectorT_Init,123,0.6541,ns,0.0113,ns,0.0106,ns,0.0027,ns,0.6552,ns,0.6356,ns,0.6481,ns,0.6603,ns,0.674,ns,"1,528,832,721.80",0.05,0
187,Vector2_Init,123,0.9224,ns,0.0098,ns,0.0082,ns,0.0023,ns,0.9241,ns,0.9024,ns,0.9213,ns,0.9244,ns,0.9349,ns,"1,084,152,287.90",0.07,0
188,UnityEngine_Init,123,1.6185,ns,0.02,ns,0.0187,ns,0.0048,ns,1.6204,ns,1.5883,ns,1.6051,ns,1.6299,ns,1.6605,ns,"617,842,452.30",0.123,0
189,MyClass_Init,123,18.4216,ns,0.2489,ns,0.2078,ns,0.0576,ns,18.426,ns,18.2045,ns,18.2869,ns,18.457,ns,19.0011,ns,"54,283,967.00",1.395,0.02
190,MyStruct_Init,123,14.1234,ns,0.1261,ns,0.118,ns,0.0305,ns,14.1055,ns,13.9758,ns,14.0243,ns,14.206,ns,14.3935,ns,"70,804,706.30",1.069,0.01
191,ValueTuple_Extend_Init,123,1.448,ns,0.0148,ns,0.0139,ns,0.0036,ns,1.4477,ns,1.4257,ns,1.4399,ns,1.4595,ns,1.4693,ns,"690,620,871.60",0.11,0
192,ValueTuple_Wrap_Init,123,21.7509,ns,0.157,ns,0.1311,ns,0.0364,ns,21.7413,ns,21.5811,ns,21.6287,ns,21.8022,ns,22.0013,ns,"45,975,160.60",1.648,0.01
193,Tuple_Extend_Init,123,75.7297,ns,0.4649,ns,0.4121,ns,0.1101,ns,75.7515,ns,74.709,ns,75.6018,ns,75.9617,ns,76.4781,ns,"13,204,866.80",5.737,0.04
194,Tuple_Class_Init,123,19.2031,ns,0.3411,ns,0.3191,ns,0.0824,ns,19.0895,ns,18.8295,ns,19.0027,ns,19.3214,ns,19.8818,ns,"52,074,875.80",1.455,0.03
195,Tuple_Wrap_Init,123,16.7135,ns,0.1494,ns,0.1324,ns,0.0354,ns,16.7285,ns,16.4448,ns,16.6735,ns,16.7848,ns,16.9668,ns,"59,831,982.90",1.266,0.01
196,Array_Extend_Init,123,23.3186,ns,0.1224,ns,0.1022,ns,0.0283,ns,23.3396,ns,23.1477,ns,23.2543,ns,23.379,ns,23.515,ns,"42,884,295.90",1.766,0.01
197,Array_Wrap_Init,123,19.7311,ns,0.1307,ns,0.1222,ns,0.0316,ns,19.722,ns,19.5433,ns,19.6514,ns,19.7972,ns,19.9726,ns,"50,681,500.90",1.495,0.01
198,List_Class_Init,123,66.8584,ns,0.368,ns,0.3442,ns,0.0889,ns,66.7884,ns,66.2666,ns,66.6579,ns,67.1327,ns,67.45,ns,"14,956,994.90",5.066,0.04
199,List_Extend_Init,123,97.1207,ns,0.7552,ns,0.6307,ns,0.1749,ns,97.2096,ns,95.8977,ns,96.7297,ns,97.6209,ns,97.7839,ns,"10,296,466.70",7.357,0.06
200,List_ExtendParallel_Init,123,"21,066.77",ns,246.6526,ns,230.719,ns,59.5714,ns,"21,067.95",ns,"20,595.17",ns,"20,949.38",ns,"21,264.16",ns,"21,365.63",ns,"47,468.10","1,595.91",19.67
201,Vector2,123,0.9323,ns,0.0184,ns,0.0163,ns,0.0044,ns,0.9324,ns,0.8906,ns,0.9259,ns,0.9431,ns,0.9531,ns,"1,072,622,618.90",0.071,0
202,UnityEngine,123,0.2786,ns,0.0107,ns,0.01,ns,0.0026,ns,0.2765,ns,0.2605,ns,0.2708,ns,0.2879,ns,0.294,ns,"3,589,901,139.20",0.021,0
203,MyClass,123,26.9164,ns,0.2597,ns,0.2429,ns,0.0627,ns,26.8613,ns,26.4917,ns,26.7402,ns,27.1082,ns,27.269,ns,"37,152,116.10",2.038,0.02
204,MyStruct,123,13.2011,ns,0.0768,ns,0.0681,ns,0.0182,ns,13.1975,ns,13.0866,ns,13.1595,ns,13.2529,ns,13.3042,ns,"75,751,160.20",1,0
205,ValueTuple_Extend,123,0.4538,ns,0.0155,ns,0.0145,ns,0.0037,ns,0.4572,ns,0.4213,ns,0.4517,ns,0.4632,ns,0.4692,ns,"2,203,636,899.80",0.034,0
206,ValueTuple_Wrap,123,38.5895,ns,0.241,ns,0.2136,ns,0.0571,ns,38.5737,ns,38.2538,ns,38.4376,ns,38.7077,ns,39.0995,ns,"25,913,781.30",2.923,0.02
207,Tuple_Extend,123,90.6035,ns,0.5407,ns,0.4793,ns,0.1281,ns,90.6065,ns,89.8646,ns,90.387,ns,90.9325,ns,91.5434,ns,"11,037,097.20",6.863,0.05
208,Tuple_Class,123,27.3898,ns,0.2516,ns,0.2101,ns,0.0583,ns,27.3655,ns,27.0861,ns,27.339,ns,27.4873,ns,27.8442,ns,"36,509,978.80",2.075,0.02
209,Tuple_Wrap,123,25.0905,ns,0.2107,ns,0.1971,ns,0.0509,ns,25.0803,ns,24.8337,ns,24.8916,ns,25.2539,ns,25.4135,ns,"39,855,753.00",1.9,0.02
210,Array_Extend,123,32.4683,ns,0.3008,ns,0.2813,ns,0.0726,ns,32.5638,ns,31.9576,ns,32.2335,ns,32.6766,ns,32.9511,ns,"30,799,273.40",2.462,0.02
211,Array_Wrap,123,29.6502,ns,0.3185,ns,0.2979,ns,0.0769,ns,29.6058,ns,29.0699,ns,29.4963,ns,29.8024,ns,30.2557,ns,"33,726,600.90",2.246,0.03
212,List_Class,123,118.3268,ns,0.7238,ns,0.6416,ns,0.1715,ns,118.2423,ns,117.3778,ns,117.9861,ns,118.7335,ns,119.6717,ns,"8,451,170.50",8.964,0.06
213,List_Extend,123,151.2908,ns,1.0299,ns,0.9633,ns,0.2487,ns,151.3021,ns,149.5181,ns,150.8725,ns,151.8834,ns,152.7866,ns,"6,609,788.80",11.457,0.07
214,List_ExtendEnumerate,123,303.2607,ns,2.5407,ns,2.3766,ns,0.6136,ns,303.3403,ns,298.9532,ns,301.4015,ns,305.2604,ns,306.65,ns,"3,297,493.10",22.962,0.23
215,List_ExtendParallel,123,"22,394.81",ns,251.0802,ns,234.8606,ns,60.6407,ns,"22,332.85",ns,"22,041.49",ns,"22,232.13",ns,"22,585.72",ns,"22,766.04",ns,"44,653.20","1,697.35",20.85
216,VectorT_Solid,123,37.9262,ns,0.1821,ns,0.1614,ns,0.0431,ns,37.9755,ns,37.6306,ns,37.8407,ns,38.0537,ns,38.1158,ns,"26,367,012.60",2.873,0.02
217,VectorT_Static,123,37.473,ns,0.2755,ns,0.2577,ns,0.0665,ns,37.4103,ns,37.1371,ns,37.2537,ns,37.6706,ns,37.916,ns,"26,685,877.70",2.837,0.03
218,Vain,123,0.013,ns,0.0156,ns,0.0138,ns,0.0037,ns,0.0084,ns,0,ns,0.0017,ns,0.0201,ns,0.0421,ns,"77,213,886,719.60",0.001,0
219,Void,123,0.0069,ns,0.0092,ns,0.0082,ns,0.0022,ns,0.0041,ns,0,ns,0,ns,0.0097,ns,0.0253,ns,"145,832,222,894.80",0.001,0
220,Vector2_NoCompare,123,0.726,ns,0.0142,ns,0.0126,ns,0.0034,ns,0.7236,ns,0.7062,ns,0.718,ns,0.737,ns,0.7459,ns,"1,377,355,227.70",0.055,0
221,Vector2_NoAdd,123,0.7389,ns,0.0131,ns,0.0122,ns,0.0032,ns,0.739,ns,0.7183,ns,0.7294,ns,0.7487,ns,0.7582,ns,"1,353,314,380.70",0.056,0
222,ValueTuple_LocalMethod,123,0.4475,ns,0.0126,ns,0.0118,ns,0.0031,ns,0.4429,ns,0.4283,ns,0.4402,ns,0.4558,ns,0.4689,ns,"2,234,689,950.30",0.034,0
223,ValueTuple_Literal,123,0.4084,ns,0.0152,ns,0.0142,ns,0.0037,ns,0.4112,ns,0.3864,ns,0.3957,ns,0.417,ns,0.4299,ns,"2,448,746,311.40",0.031,0
224,ValueTuple_Raw,123,3.7459,ns,0.0503,ns,0.0471,ns,0.0122,ns,3.7377,ns,3.6894,ns,3.7155,ns,3.7766,ns,3.8671,ns,"266,959,986.00",0.284,0
225,ValueTuple_NoCompare,123,4.7982,ns,0.1121,ns,0.1151,ns,0.0279,ns,4.784,ns,4.6418,ns,4.7272,ns,4.834,ns,5.0302,ns,"208,413,194.10",0.365,0.01
226,ValueTuple_NoAdd,123,5.641,ns,0.0294,ns,0.026,ns,0.007,ns,5.6379,ns,5.6026,ns,5.6273,ns,5.6563,ns,5.6893,ns,"177,273,619.20",0.427,0
227,ValueTuple_Cast,123,0.4439,ns,0.0156,ns,0.0145,ns,0.0038,ns,0.4462,ns,0.4202,ns,0.4322,ns,0.4577,ns,0.4665,ns,"2,252,681,469.80",0.034,0
228,ValueTuple_ExtendDirect,123,0.4442,ns,0.0098,ns,0.0077,ns,0.0022,ns,0.4458,ns,0.4282,ns,0.4432,ns,0.448,ns,0.4556,ns,"2,250,988,448.80",0.034,0
229,ValueTuple_Property,123,39.04,ns,0.3052,ns,0.2706,ns,0.0723,ns,39.0343,ns,38.689,ns,38.8088,ns,39.1786,ns,39.5823,ns,"25,614,783.40",2.957,0.03
230,MyStruct_DirectCall,123,13.2673,ns,0.0974,ns,0.0864,ns,0.0231,ns,13.2408,ns,13.1538,ns,13.2005,ns,13.3392,ns,13.4169,ns,"75,373,264.70",1.005,0.01
231,VectorT_Cotr,2147483647,1.2051,ns,0.0158,ns,0.014,ns,0.0037,ns,1.2078,ns,1.1738,ns,1.2021,ns,1.2126,ns,1.2261,ns,"829,791,915.30",0.091,0
232,VectorT_Init,2147483647,0.7041,ns,0.0262,ns,0.0245,ns,0.0063,ns,0.6975,ns,0.6707,ns,0.6875,ns,0.7236,ns,0.7641,ns,"1,420,157,814.20",0.053,0
233,Vector2_Init,2147483647,0.9326,ns,0.0118,ns,0.0105,ns,0.0028,ns,0.9317,ns,0.9111,ns,0.9274,ns,0.9378,ns,0.9518,ns,"1,072,219,425.60",0.07,0
234,UnityEngine_Init,2147483647,1.6064,ns,0.0141,ns,0.0132,ns,0.0034,ns,1.6086,ns,1.5879,ns,1.5966,ns,1.6121,ns,1.6337,ns,"622,518,530.40",0.121,0
235,MyClass_Init,2147483647,18.8415,ns,0.1535,ns,0.1282,ns,0.0355,ns,18.8896,ns,18.5702,ns,18.7945,ns,18.9052,ns,18.9857,ns,"53,074,209.20",1.423,0.01
236,MyStruct_Init,2147483647,14.2128,ns,0.1719,ns,0.1608,ns,0.0415,ns,14.1856,ns,13.9936,ns,14.0848,ns,14.3484,ns,14.4484,ns,"70,359,024.10",1.074,0.01
237,ValueTuple_Extend_Init,2147483647,1.4534,ns,0.0184,ns,0.0163,ns,0.0044,ns,1.4493,ns,1.4295,ns,1.4415,ns,1.4615,ns,1.4857,ns,"688,056,305.10",0.11,0
238,ValueTuple_Wrap_Init,2147483647,21.8147,ns,0.1026,ns,0.096,ns,0.0248,ns,21.8097,ns,21.6473,ns,21.7674,ns,21.878,ns,21.9761,ns,"45,840,579.50",1.647,0.01
239,Tuple_Extend_Init,2147483647,75.8878,ns,0.6451,ns,0.6035,ns,0.1558,ns,75.8428,ns,74.9651,ns,75.4043,ns,76.3823,ns,76.7216,ns,"13,177,340.20",5.735,0.06
240,Tuple_Class_Init,2147483647,18.1433,ns,0.1001,ns,0.0887,ns,0.0237,ns,18.1126,ns,18.0196,ns,18.0785,ns,18.2141,ns,18.3071,ns,"55,116,629.50",1.37,0.01
241,Tuple_Wrap_Init,2147483647,16.5796,ns,0.167,ns,0.1562,ns,0.0403,ns,16.5844,ns,16.3221,ns,16.4647,ns,16.7112,ns,16.8205,ns,"60,315,256.70",1.253,0.01
242,Array_Extend_Init,2147483647,23.5114,ns,0.2051,ns,0.1918,ns,0.0495,ns,23.5066,ns,23.2295,ns,23.3583,ns,23.6068,ns,23.8859,ns,"42,532,594.60",1.777,0.02
243,Array_Wrap_Init,2147483647,19.6588,ns,0.0882,ns,0.0825,ns,0.0213,ns,19.6617,ns,19.4989,ns,19.6056,ns,19.7217,ns,19.7689,ns,"50,867,710.20",1.485,0.01
244,List_Class_Init,2147483647,67.0331,ns,1.0366,ns,0.9696,ns,0.2504,ns,66.7929,ns,65.9162,ns,66.2824,ns,67.7705,ns,69.1372,ns,"14,918,013.80",5.067,0.08
245,List_Extend_Init,2147483647,92.4693,ns,1.2374,ns,1.0333,ns,0.2866,ns,92.0467,ns,91.4104,ns,91.8013,ns,92.7261,ns,94.7824,ns,"10,814,405.70",6.984,0.09
246,List_ExtendParallel_Init,2147483647,"21,409.09",ns,153.3503,ns,143.4439,ns,37.0371,ns,"21,463.28",ns,"21,196.56",ns,"21,286.71",ns,"21,500.65",ns,"21,655.56",ns,"46,709.10","1,618.25",11.09
247,Vector2,2147483647,0.885,ns,0.0098,ns,0.0082,ns,0.0023,ns,0.8861,ns,0.8688,ns,0.8805,ns,0.8879,ns,0.9029,ns,"1,129,956,096.80",0.067,0
248,UnityEngine,2147483647,0.2854,ns,0.0128,ns,0.0113,ns,0.003,ns,0.2832,ns,0.2701,ns,0.2767,ns,0.292,ns,0.3126,ns,"3,503,330,347.50",0.022,0
249,MyClass,2147483647,26.7669,ns,0.1814,ns,0.1697,ns,0.0438,ns,26.7072,ns,26.4981,ns,26.6596,ns,26.8534,ns,27.0811,ns,"37,359,580.50",2.022,0.01
250,MyStruct,2147483647,13.2393,ns,0.0534,ns,0.0474,ns,0.0127,ns,13.2279,ns,13.1628,ns,13.2095,ns,13.2658,ns,13.3525,ns,"75,532,975.30",1,0
251,ValueTuple_Extend,2147483647,0.4471,ns,0.0177,ns,0.0166,ns,0.0043,ns,0.4452,ns,0.4209,ns,0.4399,ns,0.4598,ns,0.4703,ns,"2,236,770,765.20",0.034,0
252,ValueTuple_Wrap,2147483647,38.5992,ns,0.3104,ns,0.2752,ns,0.0735,ns,38.5945,ns,38.2059,ns,38.4025,ns,38.7754,ns,39.0382,ns,"25,907,299.00",2.916,0.03
253,Tuple_Extend,2147483647,97.1035,ns,0.6055,ns,0.5664,ns,0.1462,ns,97.1007,ns,96.039,ns,96.6944,ns,97.6229,ns,97.9869,ns,"10,298,288.50",7.332,0.05
254,Tuple_Class,2147483647,28.5488,ns,0.5439,ns,0.5088,ns,0.1314,ns,28.535,ns,27.6511,ns,28.2334,ns,28.851,ns,29.758,ns,"35,027,729.10",2.156,0.04
255,Tuple_Wrap,2147483647,25.1883,ns,0.1857,ns,0.1737,ns,0.0448,ns,25.2449,ns,24.9387,ns,25.043,ns,25.2774,ns,25.5094,ns,"39,700,912.10",1.902,0.01
256,Array_Extend,2147483647,32.7514,ns,0.2467,ns,0.2307,ns,0.0596,ns,32.8042,ns,32.4563,ns,32.5262,ns,32.9155,ns,33.177,ns,"30,533,005.10",2.475,0.02
257,Array_Wrap,2147483647,29.3527,ns,0.2179,ns,0.2038,ns,0.0526,ns,29.3702,ns,29.066,ns,29.157,ns,29.5432,ns,29.648,ns,"34,068,398.50",2.216,0.02
258,List_Class,2147483647,112.5944,ns,0.8343,ns,0.7396,ns,0.1977,ns,112.5425,ns,111.2852,ns,112.1068,ns,113.1927,ns,113.6344,ns,"8,881,434.40",8.505,0.07
259,List_Extend,2147483647,151.3485,ns,1.707,ns,1.4254,ns,0.3953,ns,151.2541,ns,149.1138,ns,150.2109,ns,152.2825,ns,153.6629,ns,"6,607,269.10",11.431,0.1
260,List_ExtendEnumerate,2147483647,303.3626,ns,1.5925,ns,1.4896,ns,0.3846,ns,303.2883,ns,300.0353,ns,302.5514,ns,304.6436,ns,305.2851,ns,"3,296,385.20",22.904,0.12
261,List_ExtendParallel,2147483647,"22,034.34",ns,192.147,ns,179.7344,ns,46.4072,ns,"22,047.54",ns,"21,706.56",ns,"21,891.43",ns,"22,165.25",ns,"22,350.58",ns,"45,383.70","1,665.10",15.88
262,VectorT_Solid,2147483647,38.2927,ns,0.4255,ns,0.398,ns,0.1028,ns,38.2232,ns,37.7042,ns,38.0025,ns,38.436,ns,38.9742,ns,"26,114,654.90",2.889,0.03
263,VectorT_Static,2147483647,37.9655,ns,0.3021,ns,0.2825,ns,0.073,ns,37.963,ns,37.3346,ns,37.7774,ns,38.2127,ns,38.3137,ns,"26,339,737.40",2.866,0.02
264,Vain,2147483647,0.0075,ns,0.0065,ns,0.0061,ns,0.0016,ns,0.006,ns,0,ns,0.0034,ns,0.0114,ns,0.0222,ns,"133,837,851,564.60",0.001,0
265,Void,2147483647,0.0028,ns,0.0042,ns,0.0039,ns,0.001,ns,0,ns,0,ns,0,ns,0.0058,ns,0.0111,ns,"355,110,932,373.80",0,0
266,Vector2_NoCompare,2147483647,0.626,ns,0.0061,ns,0.0054,ns,0.0015,ns,0.6263,ns,0.6189,ns,0.6209,ns,0.6294,ns,0.6341,ns,"1,597,522,069.60",0.047,0
267,Vector2_NoAdd,2147483647,0.7423,ns,0.016,ns,0.0134,ns,0.0037,ns,0.7398,ns,0.715,ns,0.7358,ns,0.7453,ns,0.7656,ns,"1,347,186,430.00",0.056,0
268,ValueTuple_LocalMethod,2147483647,0.4489,ns,0.0143,ns,0.0133,ns,0.0034,ns,0.4469,ns,0.4325,ns,0.4381,ns,0.4584,ns,0.476,ns,"2,227,468,538.70",0.034,0
269,ValueTuple_Literal,2147483647,0.4479,ns,0.0116,ns,0.0103,ns,0.0028,ns,0.4504,ns,0.4309,ns,0.4378,ns,0.4541,ns,0.4656,ns,"2,232,508,942.40",0.034,0
270,ValueTuple_Raw,2147483647,3.7145,ns,0.0326,ns,0.0305,ns,0.0079,ns,3.7161,ns,3.6663,ns,3.6931,ns,3.7316,ns,3.7823,ns,"269,217,723.70",0.281,0
271,ValueTuple_NoCompare,2147483647,4.6673,ns,0.0264,ns,0.0234,ns,0.0062,ns,4.6696,ns,4.6239,ns,4.6554,ns,4.6754,ns,4.7127,ns,"214,255,818.80",0.353,0
272,ValueTuple_NoAdd,2147483647,5.6144,ns,0.0222,ns,0.0185,ns,0.0051,ns,5.6206,ns,5.5734,ns,5.6114,ns,5.6256,ns,5.6381,ns,"178,113,845.50",0.424,0
273,ValueTuple_Cast,2147483647,0.4063,ns,0.0142,ns,0.0126,ns,0.0034,ns,0.4066,ns,0.3794,ns,0.3989,ns,0.4173,ns,0.4227,ns,"2,460,970,831.40",0.031,0
274,ValueTuple_ExtendDirect,2147483647,0.4086,ns,0.015,ns,0.014,ns,0.0036,ns,0.4036,ns,0.3939,ns,0.3986,ns,0.4164,ns,0.4366,ns,"2,447,223,795.00",0.031,0
275,ValueTuple_Property,2147483647,39.3565,ns,0.5792,ns,0.5418,ns,0.1399,ns,39.303,ns,38.7002,ns,38.9613,ns,39.8077,ns,40.3565,ns,"25,408,754.20",2.974,0.04
276,MyStruct_DirectCall,2147483647,13.2596,ns,0.1055,ns,0.0935,ns,0.025,ns,13.2587,ns,13.1029,ns,13.1932,ns,13.2929,ns,13.4459,ns,"75,417,336.00",1.002,0.01
277,Vector2_re,0,1.1207,ns,0.0244,ns,0.0228,ns,0.0059,ns,1.117,ns,1.0909,ns,1.1034,ns,1.1382,ns,1.1652,ns,892285581.2,,
278,Vain_re,0,0.2699,ns,0.0084,ns,0.0079,ns,0.002,ns,0.2696,ns,0.2574,ns,0.2662,ns,0.2744,ns,0.283,ns,3704715265,,
279,Void_re,0,0.0011,ns,0.004,ns,0.0033,ns,0.0009,ns,0,ns,0,ns,0,ns,0,ns,0.0119,ns,9.31371E+11,,
280,Vector2_NoReturn,0,0.0058,ns,0.01,ns,0.0093,ns,0.0024,ns,0.0011,ns,0,ns,0,ns,0.0093,ns,0.0305,ns,1.71133E+11,,
281,Vector2_NoCompare,0,0.7346,ns,0.0355,ns,0.0332,ns,0.0086,ns,0.7351,ns,0.6718,ns,0.7218,ns,0.7641,ns,0.7728,ns,1361237831,,
282,Vector2_NoAdd,0,0.6729,ns,0.0316,ns,0.0295,ns,0.0076,ns,0.6674,ns,0.6138,ns,0.6583,ns,0.6946,ns,0.7249,ns,1486162609,,
283,Vector2_re,1,1.0643,ns,0.0236,ns,0.021,ns,0.0056,ns,1.0666,ns,1.0229,ns,1.0584,ns,1.0745,ns,1.0992,ns,939561373.1,,
284,Vain_re,1,0.1823,ns,0.0355,ns,0.0509,ns,0.0096,ns,0.1591,ns,0.1371,ns,0.152,ns,0.1839,ns,0.3187,ns,5486151759,,
285,Void_re,1,0,ns,0,ns,0,ns,0,ns,0,ns,0,ns,0,ns,0,ns,0,ns,nan,,
286,Vector2_NoReturn,1,0,ns,0,ns,0,ns,0,ns,0,ns,0,ns,0,ns,0,ns,0,ns,nan,,
287,Vector2_NoCompare,1,0.7195,ns,0.0221,ns,0.0207,ns,0.0053,ns,0.7274,ns,0.6831,ns,0.7035,ns,0.7334,ns,0.7487,ns,1389899910,,
288,Vector2_NoAdd,1,0.7539,ns,0.0204,ns,0.0191,ns,0.0049,ns,0.7591,ns,0.7148,ns,0.7425,ns,0.7666,ns,0.7769,ns,1326399624,,
289,Vector2_re,2,1.0825,ns,0.0138,ns,0.0116,ns,0.0032,ns,1.0857,ns,1.0607,ns,1.0737,ns,1.0895,ns,1.1002,ns,923811019.2,,
290,Vain_re,2,0.2912,ns,0.0077,ns,0.0072,ns,0.0019,ns,0.2911,ns,0.2783,ns,0.2872,ns,0.2945,ns,0.3046,ns,3434034075,,
291,Void_re,2,0.0015,ns,0.0055,ns,0.0049,ns,0.0013,ns,0,ns,0,ns,0,ns,0.0002,ns,0.0184,ns,6.68927E+11,,
292,Vector2_NoReturn,2,0.0088,ns,0.0089,ns,0.0083,ns,0.0021,ns,0.0075,ns,0,ns,0,ns,0.0125,ns,0.0265,ns,1.14107E+11,,
293,Vector2_NoCompare,2,0.6722,ns,0.0257,ns,0.0241,ns,0.0062,ns,0.6747,ns,0.6317,ns,0.66,ns,0.685,ns,0.721,ns,1487630116,,
294,Vector2_NoAdd,2,0.6757,ns,0.0384,ns,0.0359,ns,0.0093,ns,0.6808,ns,0.6213,ns,0.6412,ns,0.6955,ns,0.7406,ns,1479990927,,
295,Vector2_re,12,1.0443,ns,0.0436,ns,0.0408,ns,0.0105,ns,1.0361,ns,0.9789,ns,1.024,ns,1.0669,ns,1.1265,ns,957533992.2,,
296,Vain_re,12,0.2764,ns,0.0146,ns,0.0122,ns,0.0034,ns,0.273,ns,0.2629,ns,0.2689,ns,0.2824,ns,0.3037,ns,3617480064,,
297,Void_re,12,0,ns,0,ns,0,ns,0,ns,0,ns,0,ns,0,ns,0,ns,0,ns,nan,,
298,Vector2_NoReturn,12,0,ns,0,ns,0,ns,0,ns,0,ns,0,ns,0,ns,0,ns,0,ns,nan,,
299,Vector2_NoCompare,12,0.6803,ns,0.0275,ns,0.0257,ns,0.0066,ns,0.6856,ns,0.6372,ns,0.6591,ns,0.6931,ns,0.7242,ns,1469868049,,
300,Vector2_NoAdd,12,0.6674,ns,0.0237,ns,0.021,ns,0.0056,ns,0.6736,ns,0.6203,ns,0.6581,ns,0.6811,ns,0.6966,ns,1498427044,,
301,Vector2_re,123,1.0617,ns,0.0356,ns,0.0333,ns,0.0086,ns,1.0713,ns,0.9957,ns,1.0346,ns,1.0856,ns,1.1232,ns,941849336.8,,
302,Vain_re,123,0.256,ns,0.0074,ns,0.0066,ns,0.0018,ns,0.2569,ns,0.2463,ns,0.2503,ns,0.2595,ns,0.2685,ns,3905848988,,
303,Void_re,123,0.0035,ns,0.008,ns,0.0086,ns,0.002,ns,0,ns,0,ns,0,ns,0,ns,0.0272,ns,2.87706E+11,,
304,Vector2_NoReturn,123,0.0072,ns,0.0125,ns,0.0111,ns,0.003,ns,0.001,ns,0,ns,0,ns,0.0095,ns,0.0318,ns,1.38557E+11,,
305,Vector2_NoCompare,123,0.7441,ns,0.0217,ns,0.0181,ns,0.005,ns,0.7504,ns,0.7072,ns,0.739,ns,0.7561,ns,0.7676,ns,1343855963,,
306,Vector2_NoAdd,123,0.7648,ns,0.0264,ns,0.0247,ns,0.0064,ns,0.7689,ns,0.7187,ns,0.7459,ns,0.7844,ns,0.7948,ns,1307490983,,
307,Vector2_re,2147483647,1.0541,ns,0.0236,ns,0.0209,ns,0.0056,ns,1.0549,ns,1.0171,ns,1.048,ns,1.0686,ns,1.086,ns,948691036.6,,
308,Vain_re,2147483647,0.2627,ns,0.0078,ns,0.007,ns,0.0019,ns,0.263,ns,0.2498,ns,0.2591,ns,0.2678,ns,0.2725,ns,3807299255,,
309,Void_re,2147483647,0.0009,ns,0.0025,ns,0.0024,ns,0.0006,ns,0,ns,0,ns,0,ns,0,ns,0.0074,ns,1.06612E+12,,
310,Vector2_NoReturn,2147483647,0.0044,ns,0.0061,ns,0.0054,ns,0.0014,ns,0.0023,ns,0,ns,0,ns,0.0066,ns,0.0153,ns,2.27033E+11,,
311,Vector2_NoCompare,2147483647,0.7733,ns,0.0402,ns,0.0357,ns,0.0095,ns,0.7773,ns,0.7011,ns,0.7545,ns,0.8002,ns,0.8232,ns,1293175489,,
312,Vector2_NoAdd,2147483647,0.7602,ns,0.0281,ns,0.0263,ns,0.0068,ns,0.7733,ns,0.7112,ns,0.7409,ns,0.7821,ns,0.7847,ns,1315478719,,
